text,category
Transfer the crypto tokens to the cold storage wallet immediately.,Financial Anomaly
Unusual wire activity detected to offshore accounts in the Cayman Islands.,Financial Anomaly
Funds were funneled through an unverified mixer to avoid tracking.,Financial Anomaly
Liquidate all company assets before the federal audit begins.,Financial Anomaly
I've set up a shell company to move the quarterly profits.,Financial Anomaly
The transaction was split into small amounts to bypass detection.,Financial Anomaly
Convert the stolen funds into Monero for total anonymity.,Financial Anomaly
Use the dark web escrow service for the final payment.,Financial Anomaly
Wiring ten thousand to the untraceable offshore account tonight.,Financial Anomaly
The invoice was falsified to hide the payment to the consultant.,Financial Anomaly
He requested a kickback in cash to avoid any paper trail.,Financial Anomaly
Transfer the balance to the Swiss account before they freeze it.,Financial Anomaly
Divert the payroll funds to the secondary private server.,Financial Anomaly
The blockchain ledger shows multiple suspicious hops for this coin.,Financial Anomaly
Hide the transaction under the label 'Office Supplies'.,Financial Anomaly
Wipe the server logs using a 35-pass secure overwrite tool.,Evidence Tampering
Overwrite the registry entries to hide the presence of the hacking tool.,Evidence Tampering
Run 'sdelete' on the directory to ensure no forensic traces remain.,Evidence Tampering
Clear the browser history system cache and temp files immediately.,Evidence Tampering
Format the physical drive three times to ensure data is unrecoverable.,Evidence Tampering
Delete all emails between us regarding 'Project-X'.,Evidence Tampering
The log files were modified to change the timestamp of the login.,Evidence Tampering
Shred the physical documents before the investigators arrive.,Evidence Tampering
Corrupt the database header so the files cannot be opened.,Evidence Tampering
I've purged the recycle bin and cleared the shadows copies.,Evidence Tampering
Remove the hard drive and destroy it with a drill.,Evidence Tampering
The CCTV footage from last night has been overwritten.,Evidence Tampering
Use CCleaner to wipe all free space on the primary partition.,Evidence Tampering
Reset the phone to factory settings to kill the local database.,Evidence Tampering
Degauss the magnetic tapes to sanitize the backup data.,Evidence Tampering
Move the SQL backup to a hidden external SSD tonight.,Data Exfiltration
Encrypt the project files and upload them to a private Mega account.,Data Exfiltration
I've copied the complete employee database to a 128GB thumb drive.,Data Exfiltration
The source code was compressed into a ZIP and sent to a personal Gmail.,Data Exfiltration
Upload the sensitive client list to the unauthorized FTP server.,Data Exfiltration
He walked out of the office with a hidden microSD card in his wallet.,Data Exfiltration
Mirror the entire shared drive to an external cloud storage.,Data Exfiltration
I'm tunneling the data out through an encrypted SSH connection.,Data Exfiltration
The blueprints were photographed and sent via an ephemeral app.,Data Exfiltration
Exfiltrate the password hashes to the remote command server.,Data Exfiltration
Copy the financial spreadsheets to the 'Photos' folder on your phone.,Data Exfiltration
Steal the customer credit card data and put it on a pastebin.,Data Exfiltration
The proprietary designs were leaked to a competitor via Telegram.,Data Exfiltration
I've redirected the data stream to an external IP in Eastern Europe.,Data Exfiltration
Zip the entire 'HR' folder and move it to a personal Dropbox.,Data Exfiltration
Let's meet at the back entrance of the library at midnight.,Secrecy/Evasion
Use an encrypted Signal chat for all future communications.,Secrecy/Evasion
The predetermined drop-off point for the drive is now active.,Secrecy/Evasion
Delete our chat history as soon as you finish reading this message.,Secrecy/Evasion
I'll be waiting at the spot we discussed last Tuesday.,Secrecy/Evasion
Don't use your real name when you check into the hotel.,Secrecy/Evasion
Meet me at the coffee shop but don't bring your cell phone.,Secrecy/Evasion
We will use the 'Project-Z' codename for all illegal trades.,Secrecy/Evasion
The package is hidden inside the blue bin behind the warehouse.,Secrecy/Evasion
Switch to a burner phone for the next phase of the plan.,Secrecy/Evasion
I'll signal you with the headlights twice if the coast is clear.,Secrecy/Evasion
Hide the physical drive under the loose floorboard in the attic.,Secrecy/Evasion
We need to go dark for a few weeks until the heat dies down.,Secrecy/Evasion
Meet the courier at the train station locker #402.,Secrecy/Evasion
Use the PGP key I gave you for all email attachments.,Secrecy/Evasion
I am currently debugging the Java controller for the login page.,Normal Activity
The weekly team meeting is scheduled for 10 AM in the conference room.,Normal Activity
Pushing the latest UI updates and CSS fixes to the main branch.,Normal Activity
Please find the attached invoice for the new office coffee machine.,Normal Activity
I've updated the documentation for the API endpoints in Confluence.,Normal Activity
Lunch will be provided for the engineering team this Friday.,Normal Activity
Can you review my pull request on the database migration script?,Normal Activity
The system backup is running automatically every Sunday night.,Normal Activity
I'm attending a workshop on Object-Oriented Programming tomorrow.,Normal Activity
The client requested a demo of the dashboard by end of day.,Normal Activity
Resetting my password as it expired after 90 days.,Normal Activity
Checking the logs to see why the server responded with a 404 error.,Normal Activity
Collaborating with the design team on the new mobile app layout.,Normal Activity
The project deadline has been extended by two weeks.,Normal Activity
Just finishing up the final report for the quarterly review.,Normal Activity